{
  "drop_1_p": 0.5855627885262903,
  "drop_2_p": 0.30963060150479677,
  "layer_1_num": 1,
  "layer_2_num": 1,
  "layer_3_num": 2,
  "layer_4_num": 2,
  "linear_1": 19,
  "linear_2": 46,
  "lr": 0.0038331113993265355,
  "weight_decay": 0.0017802099419115913
}