{
  "drop_1_p": 0.5698824552233542,
  "drop_2_p": 0.49453342096191355,
  "layer_1_num": 2,
  "layer_2_num": 2,
  "layer_3_num": 2,
  "layer_4_num": 1,
  "linear_1": 56,
  "linear_2": 69
}