{
  "drop_1_p": 0.590948007556721,
  "drop_2_p": 0.39340974280950924,
  "layer_1_num": 2,
  "layer_2_num": 1,
  "layer_3_num": 3,
  "layer_4_num": 1,
  "linear_1": 35,
  "linear_2": 86,
  "lr": 0.0035389958814968556,
  "weight_decay": 0.00281532238740698
}