{
  "drop_1_p": 0.22349279364624303,
  "drop_2_p": 0.3932437611494179,
  "layer_1_num": 2,
  "layer_2_num": 3,
  "layer_3_num": 0,
  "layer_4_num": 1,
  "linear_1": 65,
  "linear_2": 15
}