{
  "drop_1_p": 0.5631467186965411,
  "drop_2_p": 0.5056999357509057,
  "layer_1_num": 2,
  "layer_2_num": 1,
  "layer_3_num": 0,
  "layer_4_num": 1,
  "linear_1": 44,
  "linear_2": 77
}