{
  "drop_1_p": 0.43663980406972586,
  "drop_2_p": 0.5991590893204812,
  "layer_1_num": 2,
  "layer_2_num": 1,
  "layer_3_num": 3,
  "layer_4_num": 2,
  "linear_1": 64,
  "linear_2": 49
}