{
  "drop_1_p": 0.4437104922257055,
  "drop_2_p": 0.287866604817502,
  "layer_1_num": 2,
  "layer_2_num": 3,
  "layer_3_num": 0,
  "layer_4_num": 3,
  "linear_1": 58,
  "linear_2": 54,
  "lr": 0.009404755376859742,
  "weight_decay": 0.006910037123835676
}