{
  "drop_1_p": 0.20781929913965794,
  "drop_2_p": 0.33282440439089056,
  "layer_1_num": 2,
  "layer_2_num": 1,
  "layer_3_num": 1,
  "layer_4_num": 3,
  "linear_1": 20,
  "linear_2": 79
}