{
  "checkpoints": [
    "{\n  \"stub\": false,\n  \"trainable_name\": \"training_script\",\n  \"trial_id\": \"a3eef567\",\n  \"config\": {\n    \"layer_1_num\": 3,\n    \"layer_2_num\": 1,\n    \"layer_3_num\": 1,\n    \"layer_4_num\": 2,\n    \"linear_1\": 89,\n    \"linear_2\": 13,\n    \"drop_1_p\": 0.2017442428342698,\n    \"drop_2_p\": 0.14618343706125594,\n    \"lr\": 0.009781097997139306,\n    \"weight_decay\": 0.007014225700135165\n  },\n  \"local_dir\": \"/mnt/analysis/analysis/Research/TransferLearning4UrbanClimate/raytune/exp\",\n  \"evaluated_params\": {\n    \"drop_1_p\": 0.2017442428342698,\n    \"drop_2_p\": 0.14618343706125594,\n    \"layer_1_num\": 3,\n    \"layer_2_num\": 1,\n    \"layer_3_num\": 1,\n    \"layer_4_num\": 2,\n    \"linear_1\": 89,\n    \"linear_2\": 13,\n    \"lr\": 0.009781097997139306,\n    \"weight_decay\": 0.007014225700135165\n  },\n  \"experiment_tag\": \"1_drop_1_p=0.20174,drop_2_p=0.14618,layer_1_num=3,layer_2_num=1,layer_3_num=1,layer_4_num=2,linear_1=89,linear_2=13,lr=0.0097811,weight_decay=0.0070142\",\n  \"location\": {\n    \"_type\": \"CLOUDPICKLE_FALLBACK\",\n    \"value\": \"8005953a000000000000008c0e7261792e74756e652e747269616c948c084c6f636174696f6e9493942981947d94288c08686f73746e616d65944e8c03706964944e75622e\"\n  },\n  \"placement_group_factory\": \"800595b6000000000000008c1f7261792e74756e652e7574696c732e706c6163656d656e745f67726f757073948c15506c6163656d656e7447726f7570466163746f72799493942981947d94288c085f62756e646c6573945d947d94288c0343505594473ff00000000000008c034750559447400000000000000075618c155f686561645f62756e646c655f69735f656d70747994898c095f7374726174656779948c045041434b948c055f6172677394298c075f6b7761726773947d9475622e\",\n  \"stopping_criterion\": {},\n  \"log_to_file\": [\n    null,\n    null\n  ],\n  \"max_failures\": 0,\n  \"_last_result\": {},\n  \"_default_result_or_future\": null,\n  \"last_update_time\": -Infinity,\n  \"metric_analysis\": {},\n  \"n_steps\": [\n    5,\n    10\n  ],\n  \"metric_n_steps\": {},\n  \"export_formats\": [],\n  \"status\": \"ERROR\",\n  \"start_time\": 1650289027.3974621,\n  \"logdir\": \"/mnt/analysis/analysis/Research/TransferLearning4UrbanClimate/raytune/exp/training_script_a3eef567_1_drop_1_p=0.20174,drop_2_p=0.14618,layer_1_num=3,layer_2_num=1,layer_3_num=1,layer_4_num=2,linear_1=89,l_2022-04-18_08-37-07\",\n  \"runner\": null,\n  \"last_debug\": 0,\n  \"error_file\": \"/mnt/analysis/analysis/Research/TransferLearning4UrbanClimate/raytune/exp/training_script_a3eef567_1_drop_1_p=0.20174,drop_2_p=0.14618,layer_1_num=3,layer_2_num=1,layer_3_num=1,layer_4_num=2,linear_1=89,l_2022-04-18_08-37-07/error.txt\",\n  \"error_msg\": \"Traceback (most recent call last):\\n  File \\\"/home/priyammazumdar/anaconda3/envs/research/lib/python3.9/site-packages/ray/tune/ray_trial_executor.py\\\", line 901, in get_next_executor_event\\n    future_result = ray.get(ready_future)\\n  File \\\"/home/priyammazumdar/anaconda3/envs/research/lib/python3.9/site-packages/ray/_private/client_mode_hook.py\\\", line 105, in wrapper\\n    return func(*args, **kwargs)\\n  File \\\"/home/priyammazumdar/anaconda3/envs/research/lib/python3.9/site-packages/ray/worker.py\\\", line 1809, in get\\n    raise value.as_instanceof_cause()\\nray.exceptions.RayTaskError(TuneError): \\u001b[36mray::ImplicitFunc.train()\\u001b[39m (pid=63541, ip=192.168.1.108, repr=training_script)\\n  File \\\"/home/priyammazumdar/anaconda3/envs/research/lib/python3.9/site-packages/ray/tune/trainable.py\\\", line 349, in train\\n    result = self.step()\\n  File \\\"/home/priyammazumdar/anaconda3/envs/research/lib/python3.9/site-packages/ray/tune/function_runner.py\\\", line 403, in step\\n    self._report_thread_runner_error(block=True)\\n  File \\\"/home/priyammazumdar/anaconda3/envs/research/lib/python3.9/site-packages/ray/tune/function_runner.py\\\", line 567, in _report_thread_runner_error\\n    raise TuneError(\\nray.tune.error.TuneError: Trial raised an exception. Traceback:\\n\\u001b[36mray::ImplicitFunc.train()\\u001b[39m (pid=63541, ip=192.168.1.108, repr=training_script)\\n  File \\\"/home/priyammazumdar/anaconda3/envs/research/lib/python3.9/site-packages/ray/tune/function_runner.py\\\", line 272, in run\\n    self._entrypoint()\\n  File \\\"/home/priyammazumdar/anaconda3/envs/research/lib/python3.9/site-packages/ray/tune/function_runner.py\\\", line 348, in entrypoint\\n    return self._trainable_func(\\n  File \\\"/home/priyammazumdar/anaconda3/envs/research/lib/python3.9/site-packages/ray/tune/function_runner.py\\\", line 640, in _trainable_func\\n    output = fn()\\n  File \\\"/tmp/ipykernel_63350/3033627387.py\\\", line 44, in training_script\\n  File \\\"/tmp/ipykernel_63350/3033627387.py\\\", line 7, in train_model\\n  File \\\"/tmp/ipykernel_63350/1121039977.py\\\", line 2, in process_data\\nNameError: name 'DEVICE' is not defined\\n\",\n  \"trial_name_creator\": null,\n  \"custom_trial_name\": null,\n  \"custom_dirname\": null,\n  \"saving_to\": null,\n  \"remote_checkpoint_dir_prefix\": null,\n  \"sync_function_tpl\": null,\n  \"checkpoint_freq\": 0,\n  \"checkpoint_at_end\": false,\n  \"keep_checkpoints_num\": null,\n  \"checkpoint_score_attr\": \"training_iteration\",\n  \"sync_on_checkpoint\": true,\n  \"checkpoint_manager\": {\n    \"_type\": \"CLOUDPICKLE_FALLBACK\",\n    \"value\": \"80059583010000000000008c1b7261792e74756e652e636865636b706f696e745f6d616e61676572948c11436865636b706f696e744d616e616765729493942981947d94288c146b6565705f636865636b706f696e74735f6e756d94477ff00000000000008c165f636865636b706f696e745f73636f72655f6465736394898c165f636865636b706f696e745f73636f72655f61747472948c12747261696e696e675f697465726174696f6e948c1c6e65776573745f70657273697374656e745f636865636b706f696e749468008c0a436865636b706f696e749493942981947d94288c0773746f72616765948c0a70657273697374656e74948c0576616c7565944e8c06726573756c74947d948c056f72646572944b0075628c195f6e65776573745f6d656d6f72795f636865636b706f696e7494680b2981947d9428680e8c066d656d6f72799468104e68117d9468134b0075628c115f626573745f636865636b706f696e7473945d948c0b5f6d656d62657273686970948f948c0a5f6375725f6f72646572944b0075622e\"\n  },\n  \"restore_path\": null,\n  \"restoring_from\": null,\n  \"num_failures\": 1,\n  \"results\": \"80054e2e\",\n  \"best_result\": \"80054e2e\",\n  \"param_config\": \"80054e2e\",\n  \"extra_arg\": \"80054e2e\",\n  \"_state_json\": null,\n  \"_state_valid\": false\n}",
