{
  "checkpoints": [
    "{\n  \"stub\": false,\n  \"trainable_name\": \"training_script\",\n  \"trial_id\": \"609639a0\",\n  \"config\": {\n    \"layer_1_num\": 1,\n    \"layer_2_num\": 3,\n    \"layer_3_num\": 3,\n    \"layer_4_num\": 2,\n    \"linear_1\": 64,\n    \"linear_2\": 88,\n    \"drop_1_p\": 0.1983335445154847,\n    \"drop_2_p\": 0.051323156057760076,\n    \"lr\": 0.008881748044474802,\n    \"weight_decay\": 0.0031794625839977305\n  },\n  \"local_dir\": \"/mnt/analysis/analysis/Research/TransferLearning4UrbanClimate/raytune/exp\",\n  \"evaluated_params\": {\n    \"drop_1_p\": 0.1983335445154847,\n    \"drop_2_p\": 0.051323156057760076,\n    \"layer_1_num\": 1,\n    \"layer_2_num\": 3,\n    \"layer_3_num\": 3,\n    \"layer_4_num\": 2,\n    \"linear_1\": 64,\n    \"linear_2\": 88,\n    \"lr\": 0.008881748044474802,\n    \"weight_decay\": 0.0031794625839977305\n  },\n  \"experiment_tag\": \"1_drop_1_p=0.19833,drop_2_p=0.051323,layer_1_num=1,layer_2_num=3,layer_3_num=3,layer_4_num=2,linear_1=64,linear_2=88,lr=0.0088817,weight_decay=0.0031795\",\n  \"location\": {\n    \"_type\": \"CLOUDPICKLE_FALLBACK\",\n    \"value\": \"8005953a000000000000008c0e7261792e74756e652e747269616c948c084c6f636174696f6e9493942981947d94288c08686f73746e616d65944e8c03706964944e75622e\"\n  },\n  \"placement_group_factory\": \"800595b6000000000000008c1f7261792e74756e652e7574696c732e706c6163656d656e745f67726f757073948c15506c6163656d656e7447726f7570466163746f72799493942981947d94288c085f62756e646c6573945d947d94288c0343505594473ff00000000000008c0347505594473ff000000000000075618c155f686561645f62756e646c655f69735f656d70747994898c095f7374726174656779948c045041434b948c055f6172677394298c075f6b7761726773947d9475622e\",\n  \"stopping_criterion\": {},\n  \"log_to_file\": [\n    null,\n    null\n  ],\n  \"max_failures\": 0,\n  \"_last_result\": {},\n  \"_default_result_or_future\": null,\n  \"last_update_time\": -Infinity,\n  \"metric_analysis\": {},\n  \"n_steps\": [\n    5,\n    10\n  ],\n  \"metric_n_steps\": {},\n  \"export_formats\": [],\n  \"status\": \"RUNNING\",\n  \"start_time\": 1650289343.9011242,\n  \"logdir\": \"/mnt/analysis/analysis/Research/TransferLearning4UrbanClimate/raytune/exp/training_script_609639a0_1_drop_1_p=0.19833,drop_2_p=0.051323,layer_1_num=1,layer_2_num=3,layer_3_num=3,layer_4_num=2,linear_1=64,_2022-04-18_08-42-23\",\n  \"runner\": null,\n  \"last_debug\": 0,\n  \"error_file\": null,\n  \"error_msg\": null,\n  \"trial_name_creator\": null,\n  \"custom_trial_name\": null,\n  \"custom_dirname\": null,\n  \"saving_to\": null,\n  \"remote_checkpoint_dir_prefix\": null,\n  \"sync_function_tpl\": null,\n  \"checkpoint_freq\": 0,\n  \"checkpoint_at_end\": false,\n  \"keep_checkpoints_num\": null,\n  \"checkpoint_score_attr\": \"training_iteration\",\n  \"sync_on_checkpoint\": true,\n  \"checkpoint_manager\": {\n    \"_type\": \"CLOUDPICKLE_FALLBACK\",\n    \"value\": \"80059583010000000000008c1b7261792e74756e652e636865636b706f696e745f6d616e61676572948c11436865636b706f696e744d616e616765729493942981947d94288c146b6565705f636865636b706f696e74735f6e756d94477ff00000000000008c165f636865636b706f696e745f73636f72655f6465736394898c165f636865636b706f696e745f73636f72655f61747472948c12747261696e696e675f697465726174696f6e948c1c6e65776573745f70657273697374656e745f636865636b706f696e749468008c0a436865636b706f696e749493942981947d94288c0773746f72616765948c0a70657273697374656e74948c0576616c7565944e8c06726573756c74947d948c056f72646572944b0075628c195f6e65776573745f6d656d6f72795f636865636b706f696e7494680b2981947d9428680e8c066d656d6f72799468104e68117d9468134b0075628c115f626573745f636865636b706f696e7473945d948c0b5f6d656d62657273686970948f948c0a5f6375725f6f72646572944b0075622e\"\n  },\n  \"restore_path\": null,\n  \"restoring_from\": null,\n  \"num_failures\": 0,\n  \"results\": \"80054e2e\",\n  \"best_result\": \"80054e2e\",\n  \"param_config\": \"80054e2e\",\n  \"extra_arg\": \"80054e2e\",\n  \"_state_json\": null,\n  \"_state_valid\": false\n}",
    "{\n  \"stub\": false,\n  \"trainable_name\": \"training_script\",\n  \"trial_id\": \"61ca8ba2\",\n  \"config\": {\n    \"layer_1_num\": 2,\n    \"layer_2_num\": 3,\n    \"layer_3_num\": 1,\n    \"layer_4_num\": 1,\n    \"linear_1\": 57,\n    \"linear_2\": 15,\n    \"drop_1_p\": 0.4404676463462494,\n    \"drop_2_p\": 0.1545350215969549,\n    \"lr\": 0.0023994085680682964,\n    \"weight_decay\": 0.0014887937596299323\n  },\n  \"local_dir\": \"/mnt/analysis/analysis/Research/TransferLearning4UrbanClimate/raytune/exp\",\n  \"evaluated_params\": {\n    \"drop_1_p\": 0.4404676463462494,\n    \"drop_2_p\": 0.1545350215969549,\n    \"layer_1_num\": 2,\n    \"layer_2_num\": 3,\n    \"layer_3_num\": 1,\n    \"layer_4_num\": 1,\n    \"linear_1\": 57,\n    \"linear_2\": 15,\n    \"lr\": 0.0023994085680682964,\n    \"weight_decay\": 0.0014887937596299323\n  },\n  \"experiment_tag\": \"2_drop_1_p=0.44047,drop_2_p=0.15454,layer_1_num=2,layer_2_num=3,layer_3_num=1,layer_4_num=1,linear_1=57,linear_2=15,lr=0.0023994,weight_decay=0.0014888\",\n  \"location\": {\n    \"_type\": \"CLOUDPICKLE_FALLBACK\",\n    \"value\": \"8005953a000000000000008c0e7261792e74756e652e747269616c948c084c6f636174696f6e9493942981947d94288c08686f73746e616d65944e8c03706964944e75622e\"\n  },\n  \"placement_group_factory\": \"800595b6000000000000008c1f7261792e74756e652e7574696c732e706c6163656d656e745f67726f757073948c15506c6163656d656e7447726f7570466163746f72799493942981947d94288c085f62756e646c6573945d947d94288c0343505594473ff00000000000008c0347505594473ff000000000000075618c155f686561645f62756e646c655f69735f656d70747994898c095f7374726174656779948c045041434b948c055f6172677394298c075f6b7761726773947d9475622e\",\n  \"stopping_criterion\": {},\n  \"log_to_file\": [\n    null,\n    null\n  ],\n  \"max_failures\": 0,\n  \"_last_result\": {\n    \"trial_id\": \"61ca8ba2\"\n  },\n  \"_default_result_or_future\": null,\n  \"last_update_time\": -Infinity,\n  \"metric_analysis\": {},\n  \"n_steps\": [\n    5,\n    10\n  ],\n  \"metric_n_steps\": {},\n  \"export_formats\": [],\n  \"status\": \"PENDING\",\n  \"start_time\": null,\n  \"logdir\": null,\n  \"runner\": null,\n  \"last_debug\": 0,\n  \"error_file\": null,\n  \"error_msg\": null,\n  \"trial_name_creator\": null,\n  \"custom_trial_name\": null,\n  \"custom_dirname\": null,\n  \"saving_to\": null,\n  \"remote_checkpoint_dir_prefix\": null,\n  \"sync_function_tpl\": null,\n  \"checkpoint_freq\": 0,\n  \"checkpoint_at_end\": false,\n  \"keep_checkpoints_num\": null,\n  \"checkpoint_score_attr\": \"training_iteration\",\n  \"sync_on_checkpoint\": true,\n  \"checkpoint_manager\": {\n    \"_type\": \"CLOUDPICKLE_FALLBACK\",\n    \"value\": \"80059583010000000000008c1b7261792e74756e652e636865636b706f696e745f6d616e61676572948c11436865636b706f696e744d616e616765729493942981947d94288c146b6565705f636865636b706f696e74735f6e756d94477ff00000000000008c165f636865636b706f696e745f73636f72655f6465736394898c165f636865636b706f696e745f73636f72655f61747472948c12747261696e696e675f697465726174696f6e948c1c6e65776573745f70657273697374656e745f636865636b706f696e749468008c0a436865636b706f696e749493942981947d94288c0773746f72616765948c0a70657273697374656e74948c0576616c7565944e8c06726573756c74947d948c056f72646572944b0075628c195f6e65776573745f6d656d6f72795f636865636b706f696e7494680b2981947d9428680e8c066d656d6f72799468104e68117d9468134b0075628c115f626573745f636865636b706f696e7473945d948c0b5f6d656d62657273686970948f948c0a5f6375725f6f72646572944b0075622e\"\n  },\n  \"restore_path\": null,\n  \"restoring_from\": null,\n  \"num_failures\": 0,\n  \"results\": \"80054e2e\",\n  \"best_result\": \"80054e2e\",\n  \"param_config\": \"80054e2e\",\n  \"extra_arg\": \"80054e2e\",\n  \"_state_json\": null,\n  \"_state_valid\": false\n}"
  ],
  "runner_data": {
    "_insufficient_resources_manager": {
      "_type": "CLOUDPICKLE_FALLBACK",