{
  "drop_1_p": 0.15946334156806766,
  "drop_2_p": 0.402779791221876,
  "layer_1_num": 3,
  "layer_2_num": 1,
  "layer_3_num": 3,
  "layer_4_num": 3,
  "linear_1": 28,
  "linear_2": 18,
  "lr": 0.003000622385367907,
  "weight_decay": 0.002915570437184313
}