{
  "drop_1_p": 0.2017442428342698,
  "drop_2_p": 0.14618343706125594,
  "layer_1_num": 3,
  "layer_2_num": 1,
  "layer_3_num": 1,
  "layer_4_num": 2,
  "linear_1": 89,
  "linear_2": 13,
  "lr": 0.009781097997139306,
  "weight_decay": 0.007014225700135165
}