{
  "drop_1_p": 0.5282001460788708,
  "drop_2_p": 0.43236458292764146,
  "layer_1_num": 2,
  "layer_2_num": 2,
  "layer_3_num": 3,
  "layer_4_num": 1,
  "linear_1": 53,
  "linear_2": 17,
  "lr": 0.006241358000061816,
  "weight_decay": 0.003621234160775863
}