{
  "drop_1_p": 0.5128442970645073,
  "drop_2_p": 0.16599830877757246,
  "layer_1_num": 1,
  "layer_2_num": 1,
  "layer_3_num": 0,
  "layer_4_num": 2,
  "linear_1": 53,
  "linear_2": 81
}