{
  "drop_1_p": 0.1983335445154847,
  "drop_2_p": 0.051323156057760076,
  "layer_1_num": 1,
  "layer_2_num": 3,
  "layer_3_num": 3,
  "layer_4_num": 2,
  "linear_1": 64,
  "linear_2": 88,
  "lr": 0.008881748044474802,
  "weight_decay": 0.0031794625839977305
}