{
  "drop_1_p": 0.21560506261725504,
  "drop_2_p": 0.5349525061540263,
  "layer_1_num": 1,
  "layer_2_num": 1,
  "layer_3_num": 3,
  "layer_4_num": 0,
  "linear_1": 74,
  "linear_2": 15
}