{
  "drop_1_p": 0.5290269473838883,
  "drop_2_p": 0.5746580109708579,
  "layer_1_num": 3,
  "layer_2_num": 1,
  "layer_3_num": 0,
  "layer_4_num": 3,
  "linear_1": 97,
  "linear_2": 33,
  "lr": 0.008599054963582403,
  "weight_decay": 0.006943384686846697
}