{
  "drop_1_p": 0.2636840007818396,
  "drop_2_p": 0.5664884326564354,
  "layer_1_num": 2,
  "layer_2_num": 1,
  "layer_3_num": 1,
  "layer_4_num": 1,
  "linear_1": 79,
  "linear_2": 37,
  "lr": 0.004542982951054383,
  "weight_decay": 0.00153454434236402
}