{
  "drop_1_p": 0.09340673167384898,
  "drop_2_p": 0.02147380117006201,
  "layer_1_num": 1,
  "layer_2_num": 3,
  "layer_3_num": 3,
  "layer_4_num": 0,
  "linear_1": 64,
  "linear_2": 43
}