{
  "drop_1_p": 0.5092034007032797,
  "drop_2_p": 0.30856593888156886,
  "layer_1_num": 2,
  "layer_2_num": 3,
  "layer_3_num": 0,
  "layer_4_num": 0,
  "linear_1": 15,
  "linear_2": 15,
  "lr": 0.002283741480044103,
  "weight_decay": 0.002132535159693613
}