{
  "drop_1_p": 0.3029133213699469,
  "drop_2_p": 0.0856868374170114,
  "layer_1_num": 1,
  "layer_2_num": 2,
  "layer_3_num": 2,
  "layer_4_num": 2,
  "linear_1": 57,
  "linear_2": 34,
  "lr": 0.006196588685123784,
  "weight_decay": 0.009033783709539018
}