{
  "drop_1_p": 0.33986074243387804,
  "drop_2_p": 0.0015285365682170093,
  "layer_1_num": 3,
  "layer_2_num": 1,
  "layer_3_num": 0,
  "layer_4_num": 3,
  "linear_1": 51,
  "linear_2": 76
}